ID,Name,Progression,3DIcon
1,Short Sword,0,ICON3D_WP_ADOL_000
2,Long sword,0,ICON3D_WP_ADOL_001
3,defender,0,ICON3D_WP_ADOL_002
4,Liberation,0,ICON3D_WP_ADOL_003
5,Dynamis Edge,0,ICON3D_WP_ADOL_004
6,Vorpal Blade,0,ICON3D_WP_ADOL_005
7,Dainslave,0,ICON3D_WP_ADOL_006
8,Heavenly Sword Hyperion,0,ICON3D_WP_ADOL_007
9,Souken Mistoltin,0,ICON3D_WP_ADOL_008
10,rusty sword,0,ICON3D_WP_ADOL_009
11,----sword----,0,ICON3D_WP_ADOL_010
12,Isios Blade,0,ICON3D_WP_ADOL_011
13,Spirit Ring Ceresdia,0,ICON3D_WP_DANA_005
14,----sword----,0,ICON3D_WP_ADOL_xxx2
15,Short Sword,0,ICON3D_WP_ADOL_100
16,Long sword,0,ICON3D_WP_ADOL_101
17,defender,0,ICON3D_WP_ADOL_102
18,Liberation,0,ICON3D_WP_ADOL_103
19,Dynamis Edge,0,ICON3D_WP_ADOL_104
20,Vorpal Blade,0,ICON3D_WP_ADOL_105
21,Dainslave,0,ICON3D_WP_ADOL_106
22,Heavenly Sword Hyperion,0,ICON3D_WP_ADOL_107
23,Short Sword,0,ICON3D_WP_ADOL_200
24,Long sword,0,ICON3D_WP_ADOL_201
25,defender,0,ICON3D_WP_ADOL_202
26,Liberation,0,ICON3D_WP_ADOL_203
27,Dynamis Edge,0,ICON3D_WP_ADOL_204
28,Vorpal Blade,0,ICON3D_WP_ADOL_205
29,Dainslave,0,ICON3D_WP_ADOL_206
30,Heavenly Sword Hyperion,0,ICON3D_WP_ADOL_207
31,rapier,0,ICON3D_WP_LAXIA_000
32,Foil,0,ICON3D_WP_LAXIA_001
33,Flamberg,0,ICON3D_WP_LAXIA_002
34,Grand Saber,0,ICON3D_WP_LAXIA_003
35,veradonna,0,ICON3D_WP_LAXIA_004
36,gold fencer,0,ICON3D_WP_LAXIA_005
37,arondite,0,ICON3D_WP_LAXIA_006
38,Treasure sword Mercury,0,ICON3D_WP_LAXIA_007
39,rapier,0,ICON3D_WP_LAXIA_100
40,Foil,0,ICON3D_WP_LAXIA_101
41,Flamberg,0,ICON3D_WP_LAXIA_102
42,Grand Saber,0,ICON3D_WP_LAXIA_103
43,veradonna,0,ICON3D_WP_LAXIA_104
44,gold fencer,0,ICON3D_WP_LAXIA_105
45,arondite,0,ICON3D_WP_LAXIA_106
46,Treasure sword Mercury,0,ICON3D_WP_LAXIA_107
47,rapier,0,ICON3D_WP_LAXIA_200
48,Foil,0,ICON3D_WP_LAXIA_201
49,Flamberg,0,ICON3D_WP_LAXIA_202
50,Grand Saber,0,ICON3D_WP_LAXIA_203
51,veradonna,0,ICON3D_WP_LAXIA_204
52,gold fencer,0,ICON3D_WP_LAXIA_205
53,arondite,0,ICON3D_WP_LAXIA_206
54,Treasure sword Mercury,0,ICON3D_WP_LAXIA_207
55,heavy anchor,0,ICON3D_WP_SAHAD_000
56,iron knocker,0,ICON3D_WP_SAHAD_001
57,warhammer,0,ICON3D_WP_SAHAD_002
58,accelerator breaker,0,ICON3D_WP_SAHAD_003
59,Graton Tail,0,ICON3D_WP_SAHAD_004
60,Gigantex,0,ICON3D_WP_SAHAD_005
61,glamdring,0,ICON3D_WP_SAHAD_006
62,royal ax leviathan,0,ICON3D_WP_SAHAD_007
63,heavy anchor,0,ICON3D_WP_SAHAD_100
64,iron knocker,0,ICON3D_WP_SAHAD_101
65,warhammer,0,ICON3D_WP_SAHAD_102
66,accelerator breaker,0,ICON3D_WP_SAHAD_103
67,Graton Tail,0,ICON3D_WP_SAHAD_104
68,Gigantex,0,ICON3D_WP_SAHAD_105
69,glamdring,0,ICON3D_WP_SAHAD_106
70,royal ax leviathan,0,ICON3D_WP_SAHAD_107
71,heavy anchor,0,ICON3D_WP_SAHAD_200
72,iron knocker,0,ICON3D_WP_SAHAD_201
73,warhammer,0,ICON3D_WP_SAHAD_202
74,accelerator breaker,0,ICON3D_WP_SAHAD_203
75,Graton Tail,0,ICON3D_WP_SAHAD_204
76,Gigantex,0,ICON3D_WP_SAHAD_205
77,glamdring,0,ICON3D_WP_SAHAD_206
78,royal ax leviathan,0,ICON3D_WP_SAHAD_207
79,blade gun,0,ICON3D_WP_HUMMEL_000
80,beast snipe,0,ICON3D_WP_HUMMEL_001
81,grim Reaper,0,ICON3D_WP_HUMMEL_002
82,fury python,0,ICON3D_WP_HUMMEL_003
83,dark rhetoric,0,ICON3D_WP_HUMMEL_004
84,apocalypse,0,ICON3D_WP_HUMMEL_005
85,Holy Gun Saint Force,0,ICON3D_WP_HUMMEL_006
86,blade gun,0,ICON3D_WP_HUMMEL_100
87,beast snipe,0,ICON3D_WP_HUMMEL_101
88,grim Reaper,0,ICON3D_WP_HUMMEL_102
89,fury python,0,ICON3D_WP_HUMMEL_103
90,dark rhetoric,0,ICON3D_WP_HUMMEL_104
91,apocalypse,0,ICON3D_WP_HUMMEL_105
92,Holy Gun Saint Force,0,ICON3D_WP_HUMMEL_106
93,blade gun,0,ICON3D_WP_HUMMEL_200
94,beast snipe,0,ICON3D_WP_HUMMEL_201
95,grim Reaper,0,ICON3D_WP_HUMMEL_202
96,fury python,0,ICON3D_WP_HUMMEL_203
97,dark rhetoric,0,ICON3D_WP_HUMMEL_204
98,apocalypse,0,ICON3D_WP_HUMMEL_205
99,Holy Gun Saint Force,0,ICON3D_WP_HUMMEL_206
100,Tachiyashi's club,0,ICON3D_WP_RICOTTA_000
101,silver wolf stick,0,ICON3D_WP_RICOTTA_001
102,dyna spike,0,ICON3D_WP_RICOTTA_002
103,Rakshasa stick,0,ICON3D_WP_RICOTTA_003
104,Hecatoncheir,0,ICON3D_WP_RICOTTA_004
105,Raidou Takemikazuchi,0,ICON3D_WP_RICOTTA_005
106,Tachiyashi's club,0,ICON3D_WP_RICOTTA_100
107,silver wolf stick,0,ICON3D_WP_RICOTTA_101
108,dyna spike,0,ICON3D_WP_RICOTTA_102
109,Rakshasa stick,0,ICON3D_WP_RICOTTA_103
110,Hecatoncheir,0,ICON3D_WP_RICOTTA_104
111,Raidou Takemikazuchi,0,ICON3D_WP_RICOTTA_105
112,Tachiyashi's club,0,ICON3D_WP_RICOTTA_200
113,silver wolf stick,0,ICON3D_WP_RICOTTA_201
114,dyna spike,0,ICON3D_WP_RICOTTA_202
115,Rakshasa stick,0,ICON3D_WP_RICOTTA_203
116,Hecatoncheir,0,ICON3D_WP_RICOTTA_204
117,Raidou Takemikazuchi,0,ICON3D_WP_RICOTTA_205
118,Edel Sphere,0,ICON3D_WP_DANA_000
119,Celestria,0,ICON3D_WP_DANA_001
120,caduceus,0,ICON3D_WP_DANA_002
121,Kokan Iliad Hearts,0,ICON3D_WP_DANA_003
122,Crescent,0,ICON3D_WP_DANA_004
123,Edel Sphere,0,ICON3D_WP_DANA_100
124,Celestria,0,ICON3D_WP_DANA_101
125,caduceus,0,ICON3D_WP_DANA_102
126,Kokan Iliad Hearts,0,ICON3D_WP_DANA_103
127,Edel Sphere,0,ICON3D_WP_DANA_200
128,Celestria,0,ICON3D_WP_DANA_201
129,caduceus,0,ICON3D_WP_DANA_202
130,Kokan Iliad Hearts,0,ICON3D_WP_DANA_203
131,sailor uniform,0,ICON3D_COS_ADOL_00
132,Normal Adol clothes,0,ICON3D_COS_ADOL_01
133,cool fencer,0,ICON3D_COS_ADOL_02
134,pretty lady,0,ICON3D_COS_LAXIA_02
135,dandy fisher,0,ICON3D_COS_SAHAD_02
136,speed gunner,0,ICON3D_COS_HUMMEL_02
137,cutie girl,0,ICON3D_COS_RICOTTA_02
138,noble shaman,0,ICON3D_COS_DANA_02
139,----,0,ICON3D_139
140,ricotta necklace,0,ICON3D_ATT_NECKLACE
141,classy glasses,0,ICON3D_ATT_MEGANE
142,Hugging Pickard,0,ICON3D_ATT_PICARD
143,----,0,ICON3D_143
144,----,0,ICON3D_144
145,----,0,ICON3D_145
146,----,0,ICON3D_146
147,----,0,ICON3D_147
148,----,0,ICON3D_148
149,----,0,ICON3D_149
150,----,0,ICON3D_150
151,bone necklace,0,ICON3D_AC_000
152,bone necklace II,0,ICON3D_AC_001
153,bone necklace III,0,ICON3D_AC_002
154,Bone necklace IV,0,ICON3D_AC_003
155,braid ring,0,ICON3D_AC_004
156,Braid Ring II,0,ICON3D_AC_005
157,Braid ring III,0,ICON3D_AC_006
158,Braid ring IV,0,ICON3D_AC_007
159,shield earrings,0,ICON3D_AC_008
160,Shield earrings II,0,ICON3D_AC_009
161,Shield earrings III,0,ICON3D_AC_010
162,shield earrings IV,0,ICON3D_AC_011
163,white snake amulet,0,ICON3D_AC_012
164,White snake guardian stone,0,ICON3D_AC_013
165,thunder beast amulet,0,ICON3D_AC_014
166,Thunder Beast Guardian Stone,0,ICON3D_AC_015
167,night crow amulet,0,ICON3D_AC_016
168,night crow guardian stone,0,ICON3D_AC_017
169,ice wolf talisman,0,ICON3D_AC_018
170,Ice Wolf Guardian Stone,0,ICON3D_AC_019
171,Flame Horse Amulet,0,ICON3D_AC_020
172,Flame Horse Guardian Stone,0,ICON3D_AC_021
173,Violent Dragon's Shoulder Rest,0,ICON3D_AC_022
174,Guardian Stone of the Violent Dragon,0,ICON3D_AC_023
175,Amulet of Shinra,0,ICON3D_AC_024
176,Warrior's Mark,0,ICON3D_AC_025
177,Warrior's Seal U,0,ICON3D_AC_026
178,Warrior's Mark V,0,ICON3D_AC_027
179,Warrior's Mark W,0,ICON3D_AC_028
180,red cape,0,ICON3D_AC_029
181,Akatsuki Talisman,0,ICON3D_AC_030
182,blue cape,0,ICON3D_AC_031
183,Blue Moon Talisman,0,ICON3D_AC_032
184,gold cape,0,ICON3D_AC_033
185,talisman of the sun,0,ICON3D_AC_034
186,hunter's hat,0,ICON3D_AC_035
187,pirate bandana,0,ICON3D_AC_036
188,dancer's shawl,0,ICON3D_AC_037
189,illusionist's scarf,0,ICON3D_AC_038
190,bloodfang,0,ICON3D_AC_039
191,crimson fang,0,ICON3D_AC_040
192,master's ring,0,ICON3D_AC_041
193,athelete's belt,0,ICON3D_AC_042
194,Sage's Belt,0,ICON3D_AC_043
195,Hero's Belt,0,ICON3D_AC_044
196,Conqueror's Belt,0,ICON3D_AC_045
197,wandering cloak,0,ICON3D_AC_046
198,warrior's cloak,0,ICON3D_AC_047
199,tiger claw,0,ICON3D_AC_048
200,eagle feather,0,ICON3D_AC_049
201,hawkwing,0,ICON3D_AC_050
202,feather socks,0,ICON3D_AC_051
203,gambler's coin,0,ICON3D_AC_052
204,berserker mask,0,ICON3D_AC_053
205,warrior's helmet,0,ICON3D_AC_054
206,jade pendant,0,ICON3D_AC_055
207,precious stone brooch,0,ICON3D_AC_056
208,ancient sealing ring,0,ICON3D_AC_057
209,Treasure of the Sea,0,ICON3D_AC_058
210,jewel of the earth,0,ICON3D_AC_059
211,sky crown,0,ICON3D_AC_060
212,saint's ring,0,ICON3D_AC_061
213,spirit necklace,0,ICON3D_AC_062
214,leaden shoulder rest,0,ICON3D_AC_063
215,Celebrity's cloak,0,ICON3D_AC_064
216,Violent dragon talisman,0,ICON3D_AC_065
217,endless dark ball,0,ICON3D_AC_066
218,slashing medal,0,ICON3D_AC_067
219,shooting medal,0,ICON3D_AC_068
220,batting medal,0,ICON3D_AC_069
221,chain mail,0,ICON3D_AM_001
222,rivet leather,0,ICON3D_AM_001S
223,ring mail,0,ICON3D_AM_002
224,bone breast,0,ICON3D_AM_002S
225,black iron armor,0,ICON3D_AM_003
226,Red Beast Breastplate,0,ICON3D_AM_003S
227,lamellar armor,0,ICON3D_AM_004
228,Brigandine,0,ICON3D_AM_004S
229,reflex,0,ICON3D_AM_005
230,banded girder,0,ICON3D_AM_005S
231,holy knight armor,0,ICON3D_AM_006
232,gladiator breastplate,0,ICON3D_AM_006S
233,dragon armor,0,ICON3D_AM_007
234,dragon breast,0,ICON3D_AM_007S
235,Shinko Kronos,0,ICON3D_AM_008M
236,Senko Lachesis,0,ICON3D_AM_008F
237,nature vest,0,ICON3D_AM_010M
238,lively tunic,0,ICON3D_AM_010F
239,pirate coat,0,ICON3D_AM_011M
240,oracle robe,0,ICON3D_AM_011F
241,Astion Garb,0,ICON3D_AM_012M
242,cosmion dress,0,ICON3D_AM_012F
243,leather armor,0,ICON3D_AM_000
244,dark jacket,0,ICON3D_AM_021
245,beast guard,0,ICON3D_AM_022
246,medium cross,0,ICON3D_AM_023
247,----Armor System----,0,ICON3D_AM_024
248,torn jacket,0,ICON3D_AM_025
249,----Armor System----,0,ICON3D_AM_026
250,----Armor System----,0,ICON3D_250
251,leather gloves,0,ICON3D_AR_000
252,needle wristband,0,ICON3D_AR_001
253,iron shield,0,ICON3D_AR_002
254,stone grab,0,ICON3D_AR_003
255,gauntlet,0,ICON3D_AR_004
256,power list,0,ICON3D_AR_005
257,red glove,0,ICON3D_AR_006
258,dark grab,0,ICON3D_AR_007
259,thief's gloves,0,ICON3D_AR_008
260,blue grub,0,ICON3D_AR_009
261,wood shield,0,ICON3D_AR_010
262,Bracelet of Onslaught,0,ICON3D_AR_011
263,----,0,ICON3D_263
264,----,0,ICON3D_264
265,----,0,ICON3D_265
266,soft leather gloves,0,ICON3D_AR_020
267,thorn wristband,0,ICON3D_AR_021
268,tektite shield,0,ICON3D_AR_022
269,purple electric bracelet,0,ICON3D_AR_023
270,heavy gauntlet,0,ICON3D_AR_024
271,warrior list,0,ICON3D_AR_025
272,red bangle,0,ICON3D_AR_026
273,black bangles,0,ICON3D_AR_027
274,thief's bracelet,0,ICON3D_AR_028
275,blue bracelet,0,ICON3D_AR_029
276,barbarian bracelet,0,ICON3D_AR_030
277,----,0,ICON3D_AR_031
278,----,0,ICON3D_278
279,----,0,ICON3D_279
280,----,0,ICON3D_280
281,hard leather gloves,0,ICON3D_AR_040
282,thorn wristband,0,ICON3D_AR_041
283,crystal shield,0,ICON3D_AR_042
284,thunderstorm gauntlet,0,ICON3D_AR_043
285,master gauntlet,0,ICON3D_AR_044
286,battle armlet,0,ICON3D_AR_045
287,gauntlet of hellfire,0,ICON3D_AR_046
288,gauntlet of the dark night,0,ICON3D_AR_047
289,thief's gauntlet,0,ICON3D_AR_048
290,blizzard gauntlet,0,ICON3D_AR_049
291,chaos hand,0,ICON3D_AR_050
292,berserker's bracelet,0,ICON3D_AR_051
293,Arm of all things,0,ICON3D_AR_052
294,----,0,ICON3D_294
295,light arm guard,0,ICON3D_AR_054
296,Gauntlet of Shinjuku,0,ICON3D_AR_055
297,thunder tiger gauntlet,0,ICON3D_AR_056
298,Gauntlet of shock,0,ICON3D_AR_057
299,Gauntlet of Radiance,0,ICON3D_AR_058
300,light bones,0,ICON3D_MT_N1_BONE
301,strong bones,0,ICON3D_MT_N2_BONE
302,beast bone,0,ICON3D_MT_N3_BONE
303,Pangu bones,0,ICON3D_MT_N4_BONE
304,----,0,ICON3D_304
305,thin skin,0,ICON3D_MT_N1_LEATHER
306,thick skin,0,ICON3D_MT_N2_LEATHER
307,beast skin,0,ICON3D_MT_N3_LEATHER
308,Pangu skin,0,ICON3D_MT_N4_LEATHER
309,----,0,ICON3D_309
310,cloudy mucus,0,ICON3D_MT_N1_LIQUID
311,clear mucus,0,ICON3D_MT_N2_LIQUID
312,Glittering mucus,0,ICON3D_MT_N3_LIQUID
313,Pangu slime,0,ICON3D_MT_N4_LIQUID
314,----,0,ICON3D_314
315,bending twig,0,ICON3D_MT_N1_WOOD
316,glossy wood,0,ICON3D_MT_N2_WOOD
317,warm wood,0,ICON3D_MT_N3_WOOD
318,Pangu tree,0,ICON3D_MT_N4_WOOD
319,----,0,ICON3D_319
320,small leaves,0,ICON3D_MT_N1_FLOWER
321,beautiful flowers,0,ICON3D_MT_N2_FLOWER
322,shining leaves,0,ICON3D_MT_N3_FLOWER
323,Pangu flower,0,ICON3D_MT_N4_FLOWER
324,----,0,ICON3D_324
325,strange lump,0,ICON3D_MT_N1_STONE
326,Iron ore,0,ICON3D_MT_N2_STONE
327,tektite ore,0,ICON3D_MT_N3_STONE
328,Rispar,0,ICON3D_MT_N4_STONE
329,----,0,ICON3D_329
330,■DLC costumes,0,ICON3D_COS00_01
331,■DLC costumes,0,ICON3D_COS00_02
332,■DLC costumes,0,ICON3D_COS00_03
333,■DLC costumes,0,ICON3D_ITM00_01
334,■DLC costumes,0,ICON3D_ITM00_02
335,■DLC costumes,0,ICON3D_COS00_04
336,■DLC costumes,0,ICON3D_ATT_REAN
337,■DLC costumes,0,ICON3D_337
338,■DLC costumes,0,ICON3D_338
339,■DLC costumes,0,ICON3D_339
340,■DLC costumes,0,ICON3D_COS01_01
341,■DLC costumes,0,ICON3D_COS01_02
342,■DLC costumes,0,ICON3D_COS01_03
343,■DLC costumes,0,ICON3D_COS01_04
344,■DLC costumes,0,ICON3D_COS01_05
345,■DLC costumes,0,ICON3D_COS01_06
346,■DLC costumes,0,ICON3D_COS02_01
347,■DLC costumes,0,ICON3D_COS02_02
348,■DLC costumes,0,ICON3D_COS02_03
349,■DLC costumes,0,ICON3D_COS02_04
350,■DLC costumes,0,ICON3D_COS02_05
351,■DLC costumes,0,ICON3D_COS02_06
352,■DLC costumes,0,ICON3D_COS03_01
353,■DLC costumes,0,ICON3D_COS03_02
354,■DLC costumes,0,ICON3D_COS03_03
355,■DLC costumes,0,ICON3D_COS03_04
356,■DLC costumes,0,ICON3D_COS03_05
357,■DLC costumes,0,ICON3D_COS03_06
358,■DLC costumes,0,ICON3D_COS03_07
359,■DLC costumes,0,ICON3D_COS03_08
360,■DLC attach,0,ICON3D_ATT_FEENA
361,■DLC attach,0,ICON3D_ATT_LILIA
362,■DLC attach,0,ICON3D_ATT_SHIELD
363,■DLC attach,0,ICON3D_ATT_MEGANE01
364,■DLC attach,0,ICON3D_ATT_MEGANE02
365,■DLC attach,0,ICON3D_ATT_MEGANE03
366,■DLC attach,0,ICON3D_ATT_MEGANE04
367,■DLC attach,0,ICON3D_ATT_MEGANE05
368,■DLC attach,0,ICON3D_ATT_MEGANE06
369,■DLC attach,0,ICON3D_ATT_MASK01
370,■DLC attach,0,ICON3D_ATT_MASK02
371,■DLC attach,0,ICON3D_ATT_MASK03
372,■DLC attach,0,ICON3D_372
373,■DLC attach,0,ICON3D_373
374,■DLC attach,0,ICON3D_374
375,■DLC attach,0,ICON3D_375
376,■DLC attach,0,ICON3D_376
377,■DLC attach,0,ICON3D_377
378,■DLC attach,0,ICON3D_378
379,■DLC attach,0,ICON3D_379
380,■DLC attach,0,ICON3D_380
381,■DLC attach,0,ICON3D_381
382,■DLC attach,0,ICON3D_382
383,■DLC attach,0,ICON3D_383
384,■DLC attach,0,ICON3D_384
385,■DLC attach,0,ICON3D_385
386,■DLC attach,0,ICON3D_386
387,■DLC attach,0,ICON3D_387
388,■DLC attach,0,ICON3D_388
389,■DLC attach,0,ICON3D_389
390,■DLC attach,0,ICON3D_390
391,■DLC attach,0,ICON3D_391
392,■DLC attach,0,ICON3D_392
393,■DLC attach,0,ICON3D_393
394,■DLC attach,0,ICON3D_394
395,■DLC attach,0,ICON3D_395
396,■DLC attach,0,ICON3D_396
397,■DLC attach,0,ICON3D_COS00_01_B
398,■DLC attach,0,ICON3D_COS00_01_A
399,■DLC attach,0,ICON3D_COS00_03_A
400,beast claw,0,ICON3D_MT_R1_PARTS01
401,wing quill,0,ICON3D_MT_R1_PARTS02
402,solid shell,0,ICON3D_MT_R1_PARTS03
403,soft fiber,0,ICON3D_MT_R1_PARTS04
404,Guwaraniga scissors,0,ICON3D_MT_R1_PARTS05
405,Bullfrodon mucus,0,ICON3D_MT_R1_PARTS06
406,----,0,ICON3D_MT_R1_PARTS07
407,----,0,ICON3D_407
408,----,0,ICON3D_408
409,----,0,ICON3D_409
410,----,0,ICON3D_410
411,----,0,ICON3D_411
412,----,0,ICON3D_412
413,----,0,ICON3D_413
414,----,0,ICON3D_414
415,----,0,ICON3D_415
416,----,0,ICON3D_416
417,----,0,ICON3D_417
418,----,0,ICON3D_418
419,foxglove leaves,0,ICON3D_MT_R1_FLOWER
420,Kentoga,0,ICON3D_MT_R2_PARTS01
421,Zhan Gangyu,0,ICON3D_MT_R2_PARTS02
422,evil crest shell,0,ICON3D_MT_R2_PARTS03
423,Glory scales,0,ICON3D_MT_R2_PARTS04
424,Salamandine skin,0,ICON3D_MT_R2_PARTS05
425,Thespion's Tail,0,ICON3D_MT_R2_PARTS06
426,----,0,ICON3D_MT_R2_PARTS07
427,----,0,ICON3D_427
428,----,0,ICON3D_428
429,----,0,ICON3D_428
430,----,0,ICON3D_430
431,----,0,ICON3D_431
432,----,0,ICON3D_432
433,----,0,ICON3D_433
434,----,0,ICON3D_434
435,----,0,ICON3D_435
436,large pearl,0,ICON3D_MT_R2_PEARL
437,glow rock,0,ICON3D_MT_NR2_STONE
438,stalactite,0,ICON3D_MT_R2_STONE
439,lateca resin,0,ICON3D_MT_R2_WOOD
440,Thunderclaw,0,ICON3D_MT_R3_PARTS01
441,Blue Sky Feather,0,ICON3D_MT_R3_PARTS02
442,diamond shell,0,ICON3D_MT_R3_PARTS03
443,rigid fiber,0,ICON3D_MT_R3_PARTS04
444,Vivine bitters,0,ICON3D_MT_R3_PARTS05
445,mental armor,0,ICON3D_MT_R3_PARTS06
446,dragon scales,0,ICON3D_MT_R3_PARTS07
447,----,0,ICON3D_447
448,----,0,ICON3D_448
449,----,0,ICON3D_449
450,----,0,ICON3D_450
451,----,0,ICON3D_451
452,----,0,ICON3D_452
453,----,0,ICON3D_453
454,----,0,ICON3D_454
455,----,0,ICON3D_455
456,----,0,ICON3D_456
457,moonlight grass,0,ICON3D_MT_NR3_FLOWER
458,----,0,ICON3D_458
459,rim flower,0,ICON3D_MT_R3_FLOWER
460,sunshine tooth,0,ICON3D_MT_R4_PARTS01
461,moon shadow wing,0,ICON3D_MT_R4_PARTS02
462,Star Crystal Armor,0,ICON3D_MT_R4_PARTS03
463,Strong acidic hard liquid,0,ICON3D_MT_R4_PARTS04
464,Dwanikr's shell,0,ICON3D_MT_R4_PARTS05
465,Dundeel's Horn,0,ICON3D_MT_R4_PARTS06
466,Senryu's Great Fang,0,ICON3D_MT_R4_PARTS07
467,----,0,ICON3D_467
468,----,0,ICON3D_468
469,----,0,ICON3D_469
470,----,0,ICON3D_470
471,----,0,ICON3D_471
472,----,0,ICON3D_472
473,----,0,ICON3D_473
474,----,0,ICON3D_474
475,----,0,ICON3D_475
476,rainbow colored gems,0,ICON3D_MT_R4_GOLD
477,----,0,ICON3D_457
478,dragonite,0,ICON3D_MT_R4_STONE
479,Treasure branch of the great tree,0,ICON3D_MT_R4_WOOD
480,----,0,ICON3D_MT_R5_PARTS01
481,----,0,ICON3D_MT_R5_PARTS02
482,----,0,ICON3D_MT_R5_PARTS03
483,----,0,ICON3D_MT_R5_PARTS04
484,Spiritual bones of another world,0,ICON3D_MT_R5_PARTS05
485,Spirit skin of another world,0,ICON3D_MT_R5_PARTS06
486,Goryu's heavy shell,0,ICON3D_MT_R5_PARTS07
487,----,0,ICON3D_487
488,----,0,ICON3D_488
489,----,0,ICON3D_489
490,----,0,ICON3D_490
491,----,0,ICON3D_491
492,----,0,ICON3D_492
493,----,0,ICON3D_493
494,----,0,ICON3D_494
495,----,0,ICON3D_495
496,----,0,ICON3D_496
497,Rivera's Immortal Flower,0,ICON3D_MT_NR5_FLOWER
498,pure hirokane,0,ICON3D_MT_R5_STONE
499,Aura grass,0,ICON3D_MT_R5_FLOWER
500,heal potion,0,ICON3D_US_HEALSOLO_01
501,full potion,0,ICON3D_US_HEALSOLO_02
502,----,0,ICON3D_502
503,resuscitation medicine,0,ICON3D_US_RESSURECT_01
504,Drops of the big tree,0,ICON3D_US_RESSURECT_02
505,Tears of the Moon,0,ICON3D_US_RESSURECT_11
506,Impetuous Water,0,ICON3D_US_EXTRA_01
507,Dynastic Water,0,ICON3D_US_EXTRA_02
508,Recovery agents,0,ICON3D_US_OLD_HEAL01
509,Complete recovery drug,0,ICON3D_US_OLD_HEAL02
510,antidote,0,ICON3D_US_CURE_POISON
511,eye drops,0,ICON3D_US_CURE_DARK
512,anti-paralysis drug,0,ICON3D_US_CURE_PARALYZE
513,ice-breaker,0,ICON3D_US_CURE_FREEZE
514,fire extinguisher,0,ICON3D_US_CURE_FLAME
515,hemostatic drug,0,ICON3D_US_CURE_BLOODLOSS
516,panacea,0,ICON3D_US_CURE_ALL
517,anti-paralysis drug,0,ICON3D_US_OLD_CURE_PARALYZE
518,fire extinguisher,0,ICON3D_US_OLD_CURE_FLAME
519,panacea,0,ICON3D_US_OLD_CURE_ALL
520,sweet elixir,0,ICON3D_US_ADD_EXP_01
521,bitter elixir,0,ICON3D_US_ADD_EXP_02
522,Hermit's Elixir,0,ICON3D_US_ADD_EXP_03
523,elixir of power,0,ICON3D_US_ADD_STR
524,Guardian's elixir,0,ICON3D_US_ADD_DEF
525,elixir of life,0,ICON3D_US_ADD_HP
526,Spirit Elixer,0,ICON3D_US_ADD_SP
527,Tempest Elixer,0,ICON3D_US_ADD_LEVEL
528,Bestia Potion,0,ICON3D_US_BESTIARYPT
529,----,0,ICON3D_529
530,crudberry fruit,0,ICON3D_US_BERRY
531,coconut palm,0,ICON3D_US_COCONUT
532,mango,0,ICON3D_US_MANGO
533,Dragonfruit,0,ICON3D_US_DRAGONFRUIT
534,----,0,ICON3D_534
535,ripe curdberry,0,ICON3D_US_BERRY_S
536,ripe coconut,0,ICON3D_US_COCONUT_S
537,ripe mango,0,ICON3D_US_MANGO_S
538,Dragon Tree Treasure,0,ICON3D_US_DRAGONFRUIT_S
539,----,0,ICON3D_539
540,pearl magatama,0,ICON3D_AC_540
541,Water stop magatama,0,ICON3D_AC_541
542,Hope Stone,0,ICON3D_AC_542
543,illuminous ring,0,ICON3D_AC_543
544,devil's fang,0,ICON3D_AC_544
545,Skylight Wings,0,ICON3D_AC_545
546,Ring of worship for all ages,0,ICON3D_AC_546
547,Crown of all elephants,0,ICON3D_AC_547
548,Thousand-year-old sacred stone,0,ICON3D_AC_548
549,Ten thousand words of honor,0,ICON3D_AC_549
550,seafood soup,0,ICON3D_USFD_FOOD00
551,mushroom omelet,0,ICON3D_USFD_FOOD01
552,thick ratatouille,0,ICON3D_USFD_FOOD02
553,colorful meuniere,0,ICON3D_USFD_FOOD03
554,seafood quiche,0,ICON3D_USFD_FOOD04
555,cabbage rolls,0,ICON3D_USFD_FOOD05
556,----,0,ICON3D_556
557,----,0,ICON3D_557
558,----,0,ICON3D_558
559,refreshing vegetable juice,0,ICON3D_USFD_JUICE
560,meat wrapped mushroom corn,0,ICON3D_USFD_FOOD10
561,fish fry,0,ICON3D_USFD_FOOD11
562,pirate dish,0,ICON3D_USFD_FOOD12
563,luxury coleslaw,0,ICON3D_USFD_FOOD13
564,sincerity bolognese,0,ICON3D_USFD_FOOD14
565,king pumpkin pie,0,ICON3D_USFD_FOOD15
566,----,0,ICON3D_566
567,----,0,ICON3D_567
568,----,0,ICON3D_COOK_RECIPE00
569,Recipe book/omelet,0,ICON3D_COOK_RECIPE01
570,Recipe book/Ratatouille,0,ICON3D_COOK_RECIPE02
571,Recipe book/meuniere,0,ICON3D_COOK_RECIPE03
572,Recipe book/quiche,0,ICON3D_COOK_RECIPE04
573,Recipe book/cabbage,0,ICON3D_COOK_RECIPE05
574,Recipe book/meat and mushrooms,0,ICON3D_COOK_RECIPE06
575,Recipe book/fried fish,0,ICON3D_COOK_RECIPE07
576,Recipe book/pirate meal,0,ICON3D_COOK_RECIPE08
577,Recipe book/coleslaw,0,ICON3D_COOK_RECIPE09
578,Recipe book/Bolognese,0,ICON3D_COOK_RECIPE10
579,Recipe book/pumpkin pie,0,ICON3D_COOK_RECIPE11
580,insect repellent,0,ICON3D_US_PESTCIDE
581,----,0,ICON3D_581
582,----,0,ICON3D_582
583,"Red guide book ""Spin""",0,ICON3D_US_SKILL_BOOK_A
584,"Crimson Guidebook ""Spirit""",0,ICON3D_US_SKILL_BOOK_L
585,"Crimson Guidebook ""Wild""",0,ICON3D_US_SKILL_BOOK_S
586,"Red guide book ""Zhen""",0,ICON3D_US_SKILL_BOOK_H
587,"Crimson Guidebook ""Thorn""",0,ICON3D_US_SKILL_BOOK_R
588,"Red guide book ""frozen""",0,ICON3D_US_SKILL_BOOK_D
589,----,0,ICON3D_589
590,Tips for Exploration <Forest>,0,ICON3D_US_SEARCH_BOOK01
591,Tips for Exploration <Ocean>,0,ICON3D_US_SEARCH_BOOK02
592,Tips for exploring <Mountain>,0,ICON3D_US_SEARCH_BOOK03
593,Tips for Exploration <Wind>,0,ICON3D_US_SEARCH_BOOK04
594,Exploration knowledge <Beast>,0,ICON3D_US_SEARCH_BOOK05
595,----,0,ICON3D_595
596,----,0,ICON3D_596
597,----,0,ICON3D_597
598,----,0,ICON3D_598
599,----,0,ICON3D_599
600,rock salt,0,ICON3D_FD_SEA_SALT
601,Honey,0,ICON3D_FD_LAND_HONEY
602,seirenmugi,0,ICON3D_FD_WHEAT
603,mountain bird eggs,0,ICON3D_FD_LAND_EGG
604,White dew antler,0,ICON3D_FD_MUSHROOM
605,muar shellfish,0,ICON3D_FD_SEA_SHELLFISH
606,red meat,0,ICON3D_FD_MEAT_01
607,white meat,0,ICON3D_FD_MEAT_02
608,Primordial meat,0,ICON3D_FD_MEAT_03
609,paprika,0,ICON3D_FD_VG_PAPRIKA
610,eggplant,0,ICON3D_FD_VG_EGGPLANT
611,cabbage,0,ICON3D_FD_VG_CABBAGE
612,shine cone,0,ICON3D_FD_VG_CORN
613,queen tomato,0,ICON3D_FD_VG_TOMATO
614,king pumpkin,0,ICON3D_FD_VG_PUMPKIN
615,----,0,ICON3D_615
616,Shugensha's secret medicine,0,ICON3D_US_OLD_ADD_LEVEL
617,elixir of power,0,ICON3D_US_OLD_ADD_STR
618,Guardian's elixir,0,ICON3D_US_OLD_ADD_DEF
619,elixir of life,0,ICON3D_US_OLD_ADD_HP
620,Empty bottle,0,ICON3D_EV_EMPTY_BOTTLE
621,----,0,ICON3D_US_SKILL_BOOK_A2
622,----,0,ICON3D_US_SKILL_BOOK_L2
623,----,0,ICON3D_US_SKILL_BOOK_S2
624,----,0,ICON3D_US_SKILL_BOOK_H2
625,----,0,ICON3D_US_SKILL_BOOK_R2
626,----,0,ICON3D_US_SKILL_BOOK_D2
627,----,0,ICON3D_627
628,fishing bait,0,ICON3D_FISHBAIT_WORM
629,fishing rod,0,ICON3D_FISHINGROD
630,Sadina,0,ICON3D_FISH00
631,Bole,0,ICON3D_FISH01
632,Blue Sadie,0,ICON3D_FISH02
633,amana,0,ICON3D_FISH03
634,Seirenmas,0,ICON3D_FISH04
635,Garvis,0,ICON3D_FISH05
636,Robusch,0,ICON3D_FISH06
637,queen bole,0,ICON3D_FISH07
638,Thurman,0,ICON3D_FISH08
639,goethe tuna,0,ICON3D_FISH09
640,mirage,0,ICON3D_FISH10
641,Ryunga,0,ICON3D_FISH11
642,Rowana,0,ICON3D_FISH12
643,Diplomise,0,ICON3D_FISH13
644,Archedon,0,ICON3D_FISH14
645,king thurman,0,ICON3D_FISH15
646,aqua marina,0,ICON3D_FISH16
647,Pillaroo,0,ICON3D_FISH17
648,Dynastyx,0,ICON3D_FISH18
649,goliath,0,ICON3D_FISH19
650,gaia wells,0,ICON3D_FISH20
651,Shiral-Kans,0,ICON3D_FISH21
652,Hyneria,0,ICON3D_FISH22
653,carcharodon,0,ICON3D_FISH23
654,----,0,ICON3D_654
655,----,0,ICON3D_655
656,1 SP,0,ICON3D_SP1
657,5SP,0,ICON3D_SP5
658,1EX,0,ICON3D_EX1
659,5EX,0,ICON3D_EX5
660,1 gold,0,ICON3D_KANE1
661,5 gold,0,ICON3D_KANE5
662,10 gold,0,ICON3D_KANE10
663,50 gold,0,ICON3D_KANE50
664,100 gold,0,ICON3D_KANE100
665,500 gold,0,ICON3D_KANE500
666,1000 gold,0,ICON3D_KANE1000
667,5000 gold,0,ICON3D_KANE5000
668,1 HP,0,ICON3D_MP1
669,５HP,0,ICON3D_MP5
670,Fragment of reason,0,ICON3D_FORCE
671,Gran Anglo,0,ICON3D_BIG_FISH00
672,Nevirobrim,0,ICON3D_BIG_FISH01
673,Boulder,0,ICON3D_BIG_FISH02
674,ancient abyss,0,ICON3D_BIG_FISH03
675,----,0,ICON3D_675
676,----,0,ICON3D_676
677,----,0,ICON3D_677
678,----,0,ICON3D_678
679,----,0,ICON3D_679
680,----,0,ICON3D_680
681,----,0,ICON3D_681
682,----,0,ICON3D_682
683,----,0,ICON3D_683
684,----,0,ICON3D_684
685,adventure diary,0,ICON3D_TOPIC_BOOK
686,Map of Seiren Island,0,ICON3D_MAP
687,Blue Formula <Vision>,0,ICON3D_DRUG_RECIPE01
688,Blue formula <Sweet>,0,ICON3D_DRUG_RECIPE02
689,Blue formula <Blood>,0,ICON3D_DRUG_RECIPE03
690,Blue formula <Kai>,0,ICON3D_DRUG_RECIPE04
691,Blue Formula <Bitter>,0,ICON3D_DRUG_RECIPE05
692,Blue formula <Megumi>,0,ICON3D_DRUG_RECIPE06
693,Blue Formula <Life>,0,ICON3D_DRUG_RECIPE07
694,Blue Formula <Hidden>,0,ICON3D_DRUG_RECIPE08
695,Blue Formula <Power>,0,ICON3D_DRUG_RECIPE09
696,Blue formula <Guardian>,0,ICON3D_DRUG_RECIPE10
697,Blue Formula <Supreme>,0,ICON3D_DRUG_RECIPE11
698,Maiden Journal,0,ICON3D_MAIDEN_NOTE
699,frozen flower,0,ICON3D_ICE_FLOWER
700,Blue Seal of Whirling Water,0,ICON3D_WATERSTYLE2
701,Todoroki Seal,0,ICON3D_EARTHSTYLE2
702,Bright seal of perforation,0,ICON3D_LIGHTSTYLE2
703,Calcite,0,ICON3D_RELEASESTONE
704,----,0,ICON3D_704
705,----,0,ICON3D_705
706,----,0,ICON3D_706
707,----,0,ICON3D_707
708,----,0,ICON3D_708
709,----,0,ICON3D_709
710,----,0,ICON3D_710
711,----,0,ICON3D_711
712,----,0,ICON3D_712
713,----,0,ICON3D_713
714,----,0,ICON3D_714
715,----,0,ICON3D_715
716,----,0,ICON3D_716
717,----,0,ICON3D_717
718,----,0,ICON3D_718
719,----,0,ICON3D_719
720,battle wristlet,0,ICON3D_AC_720
721,Gosei's earrings,0,ICON3D_AC_721
722,keel necklace,0,ICON3D_AC_722
723,Thunder god's talisman,0,ICON3D_AC_723
724,Dragon god amulet,0,ICON3D_AC_724
725,Mushin's hairpin,0,ICON3D_AC_725
726,fairy cape,0,ICON3D_AC_726
727,shrine maiden amulet,0,ICON3D_AC_727
728,spirit necklace,0,ICON3D_AC_728
729,stone crown,0,ICON3D_AC_729
730,Blue Winged Old Staff,0,ICON3D_AC_730
731,Amulet of Shinra,0,ICON3D_AC_731
732,----,0,ICON3D_732
733,----,0,ICON3D_733
734,----,0,ICON3D_734
735,gale feather,0,ICON3D_DASH_BOOTS
736,robe of breath,0,ICON3D_HEALINGCAPE
737,grip glove,1,ICON3D_CLIMBGLOVE
738,hermit's scale,1,ICON3D_OXYGEN_BOTTLE
739,luminous stone,1,ICON3D_TORCH
740,float shoes,1,ICON3D_NUMA_BOOTS
741,archeopteryx wings,1,ICON3D_DOUBLEJUMP
742,Purifying bell,1,ICON3D_SILVERBELL
743,Ares Seal,0,ICON3D_EXSPEEDUP
744,Aeolus urn,0,ICON3D_GATHERITEM
745,Eagle eye orb,0,ICON3D_MAPOPENUP
746,----,0,ICON3D_746
747,----,0,ICON3D_747
748,----,0,ICON3D_748
749,----,0,ICON3D_749
750,Pirate's Notes,0,ICON3D_MEMO_P_001
751,Pirate Memo A,0,ICON3D_MEMO_P_002
752,Pirate Memo B,0,ICON3D_MEMO_P_003
753,Pirate Memo C,0,ICON3D_MEMO_P_004
754,Pirate Memo D,0,ICON3D_MEMO_P_005
755,Pirate's Memo E,0,ICON3D_MEMO_P_006
756,----,0,ICON3D_756
757,----,0,ICON3D_757
758,----,0,ICON3D_758
759,----,0,ICON3D_759
760,T's memo,0,ICON3D_MEMO_T_001
761,T's memo A,0,ICON3D_MEMO_T_002
762,T's memo B,0,ICON3D_MEMO_T_003
763,T's memo C,0,ICON3D_MEMO_T_004
764,----,0,ICON3D_764
765,----,0,ICON3D_765
766,----,0,ICON3D_766
767,----,0,ICON3D_767
768,----,0,ICON3D_768
769,----,0,ICON3D_769
770,Logbook,0,ICON3D_MEMO_R_001
771,Logbook,0,ICON3D_MEMO_R_002
772,Logbook,0,ICON3D_MEMO_R_003
773,Logbook,0,ICON3D_MEMO_R_004
774,Logbook,0,ICON3D_MEMO_R_005
775,Hiirokane raw stone,0,ICON3D_HIIROKANE
776,Blue Abundance Sheet Music,0,ICON3D_BLUE_SCORE
777,Monolith Fragment,0,ICON3D_PIECE_MONOLITH
778,burning stone,0,ICON3D_FIRESTONE
779,ship blueprints,0,ICON3D_SHIP_PLAN
780,paprika seeds,0,ICON3D_SEED_PAPRIKA
781,eggplant seeds,0,ICON3D_SEED_EGGPLANT
782,cabbage seeds,0,ICON3D_SEED_CABBAGE
783,shine corn seeds,0,ICON3D_SEED_CORN
784,queen tomato seeds,0,ICON3D_SEED_TOMATO
785,king pumpkin seeds,0,ICON3D_SEED_PUMPKIN
786,pickard,0,ICON3D_PICARD
787,prayer tree,0,ICON3D_PRAY_TREE
788,treasure map,0,ICON3D_TREASURE_MAP
789,pirate treasure chest,0,ICON3D_PIRATE_BOX
790,pterosaur egg,0,ICON3D_DORAGON_EGG
791,----,0,ICON3D_791
792,fermented sap,0,ICON3D_FERMENTATION_SAP
793,----,0,ICON3D_793
794,bag of gold coins,0,ICON3D_GOLD_COIN_BAG
795,Nautical chart around Seiren Island,0,ICON3D_SEIREN_CHART
796,treasure chest key,0,ICON3D_TBOX_KEY
797,----,0,ICON3D_797
798,----,0,ICON3D_798
799,----,0,ICON3D_799
800,delicate sewing needle,0,ICON3D_PRESENT_ALISON
801,Romun military police emblem,0,ICON3D_PRESENT_AARON
802,small ruby,0,ICON3D_PRESENT_ED
803,Seven colored pigments,0,ICON3D_PRESENT_AUSTEN
804,ship name plate,0,ICON3D_PRESENT_KASHU
805,silver hair clip,0,ICON3D_PRESENT_KATRIN
806,golden emblem,0,ICON3D_PRESENT_CURRAN
807,Sticky insect,0,ICON3D_PRESENT_KUINA
808,Violet bookmark,0,ICON3D_PRESENT_GRISELDA
809,big catch flag,0,ICON3D_PRESENT_SAHAD1
810,jasper pearl,0,ICON3D_PRESENT_SAHAD2
811,silver rosary,0,ICON3D_PRESENT_NIA
812,warrior's scabbard,0,ICON3D_PRESENT_SILVIA
813,fountain pen with letters,0,ICON3D_PRESENT_THANATOS
814,silver music box,0,ICON3D_PRESENT_DANA1
815,small gold crystal pillar,0,ICON3D_PRESENT_DANA2
816,ancient gold coins,0,ICON3D_PRESENT_DINA
817,Fire wine,0,ICON3D_PRESENT_DOGI1
818,iron knuckle,0,ICON3D_PRESENT_DOGI2
819,snow flower soap,0,ICON3D_PRESENT_HUMMEL1
820,juggling balls,0,ICON3D_PRESENT_HUMMEL2
821,vintage tea set,0,ICON3D_PRESENT_FRANZ
822,The ultimate knife,0,ICON3D_PRESENT_MIRALDA
823,stuffed bear,0,ICON3D_PRESENT_LAXIA1
824,classy glasses,0,ICON3D_PRESENT_LAXIA2
825,beautiful pebble,0,ICON3D_PRESENT_RICOTTA1
826,Marx Story Volume 2,0,ICON3D_PRESENT_RICOTTA2
827,big seeds,0,ICON3D_PRESENT_PARO1
828,small ring,0,ICON3D_PRESENT_PARO2
829,old stethoscope,0,ICON3D_PRESENT_LICHT
830,collar with bell,0,ICON3D_PRESENT_REJA
831,----,0,ICON3D_831
832,----,0,ICON3D_832
833,----,0,ICON3D_833
834,----,0,ICON3D_834
835,----,0,ICON3D_835
836,----,0,ICON3D_836
837,----,0,ICON3D_837
838,----,0,ICON3D_838
839,----,0,ICON3D_839
840,■DLC box,0,ICON3D_DLC_COS00_01
841,■DLC box,0,ICON3D_DLC_COS00_02
842,■DLC box,0,ICON3D_DLC_COS00_03
843,■DLC box,0,ICON3D_DLC_ITM00_01
844,■DLC box,0,ICON3D_DLC_ITM00_02
845,■DLC box,0,ICON3D_DLC_COS00_04
846,■DLC box,0,ICON3D_DLC_ITM00_03
847,■DLC box,0,ICON3D_DLC_ITM01_01
848,■DLC box,0,ICON3D_DLC_ITM01_02
849,■DLC box,0,ICON3D_DLC_ITM01_03
850,■DLC box,0,ICON3D_DLC_COS01_01
851,■DLC box,0,ICON3D_DLC_COS01_02
852,■DLC box,0,ICON3D_DLC_COS01_03
853,■DLC box,0,ICON3D_DLC_COS01_04
854,■DLC box,0,ICON3D_DLC_COS01_05
855,■DLC box,0,ICON3D_DLC_COS01_06
856,■DLC box,0,ICON3D_DLC_COS02_01
857,■DLC box,0,ICON3D_DLC_COS02_02
858,■DLC box,0,ICON3D_DLC_COS02_03
859,■DLC box,0,ICON3D_DLC_COS02_04
860,■DLC box,0,ICON3D_DLC_COS02_05
861,■DLC box,0,ICON3D_DLC_COS02_06
862,■DLC box,0,ICON3D_DLC_COS03_01
863,■DLC box,0,ICON3D_DLC_COS03_02
864,■DLC box,0,ICON3D_DLC_COS03_03
865,■DLC box,0,ICON3D_DLC_COS03_04
866,■DLC box,0,ICON3D_DLC_ATT00_01
867,■DLC box,0,ICON3D_DLC_ITM01_04
868,■DLC box,0,ICON3D_DLC_ITM01_05
869,■DLC box,0,ICON3D_DLC_ITM01_06
870,■DLC box,0,ICON3D_DLC_ATT_01
871,■DLC box,0,ICON3D_DLC_ATT_02
872,■DLC box,0,ICON3D_DLC_ATT_03
873,■DLC box,0,ICON3D_DLC_ATT_04
874,■DLC box,0,ICON3D_DLC_ATT_05
875,■DLC box,0,ICON3D_DLC_ATT_06
876,■DLC box,0,ICON3D_DLC_ATT_07
877,■DLC box,0,ICON3D_DLC_ATT_08
878,■DLC box,0,ICON3D_DLC_ATT_09
879,■DLC box,0,ICON3D_DLC_ATT_10
880,■DLC box,0,ICON3D_DLC_ITM_01
881,■DLC box,0,ICON3D_DLC_ITM_02
882,■DLC box,0,ICON3D_DLC_ITM_03
883,■DLC box,0,ICON3D_DLC_ITM_04
884,■DLC box,0,ICON3D_DLC_ITM_05
885,■DLC box,0,ICON3D_DLC_ITM_06
886,■DLC box,0,ICON3D_DLC_ITM_07
887,■DLC box,0,ICON3D_DLC_ITM_08
888,■DLC box,0,ICON3D_DLC_ITM_09
889,■DLC box,0,ICON3D_DLC_ITM_10
890,■DLC box,0,ICON3D_DLC_ITM_11
891,■DLC box,0,ICON3D_DLC_ITM_12
892,■DLC box,0,ICON3D_DLC_ITM_13
893,■DLC box,0,ICON3D_DLC_ITM_14
894,■DLC box,0,ICON3D_DLC_ITM_15
895,■DLC box,0,ICON3D_DLC_ITM_16
896,■DLC box,0,ICON3D_DLC_ITM_17
897,■DLC box,0,ICON3D_DLC_ITM_18
898,■DLC box,0,ICON3D_DLC_ITM_19
899,■DLC box,0,ICON3D_DLC_ITM_20
900,■DLC box,0,ICON3D_DLC_ITM_21
901,■DLC box,0,ICON3D_DLC_ITM_22
902,■DLC box,0,ICON3D_DLC_ITM_23
903,■DLC box,0,ICON3D_DLC_ITM_24
904,■DLC box,0,ICON3D_DLC_ITM_25
905,■DLC box,0,ICON3D_DLC_ITM_26
906,■DLC box,0,ICON3D_DLC_ITM_27
907,■DLC box,0,ICON3D_DLC_ITM_28
908,■DLC box,0,ICON3D_DLC_ITM_29
909,■DLC box,0,ICON3D_DLC_ITM_30
910,----,0,ICON3D_910
911,----,0,ICON3D_911
912,----,0,ICON3D_912
913,----,0,ICON3D_913
914,----,0,ICON3D_914
915,----,0,ICON3D_915
916,----,0,ICON3D_916
917,----,0,ICON3D_917
918,----,0,ICON3D_918
919,----,0,ICON3D_919
920,----,0,ICON3D_920
921,----,0,ICON3D_921
922,----,0,ICON3D_922
923,----,0,ICON3D_923
924,----,0,ICON3D_924
925,----,0,ICON3D_925
926,----,0,ICON3D_926
927,----,0,ICON3D_927
928,----,0,ICON3D_928
929,----,0,ICON3D_929
930,----,0,ICON3D_930
931,any vegetable,0,ICON3D_VEGETABLE
932,Defense fence: reinforced,0,ICON3D_ICB_LV2
933,Defense fence: reinforced,0,ICON3D_ICB_LV3
934,Defense fence: reinforced,0,ICON3D_ICB_LV4
935,Defense fence: reinforced,0,ICON3D_ICB_LV5
936,Defense fence: reinforced,0,ICON3D_ICB_LV6
937,Defense fence: reinforced,0,ICON3D_ICB_LV7
938,Defense fence: reinforced,0,ICON3D_ICB_LV8
939,Defense fence: reinforced,0,ICON3D_ICB_LV9
940,Decoy: Create,0,ICON3D_ICD_ADD5
941,Decoy: Create,0,ICON3D_ICD_ADD6
942,Decoy: Create,0,ICON3D_ICD_ADD7
943,Decoy: Create,0,ICON3D_ICD_ADD8
944,Decoy: Enhancement,0,ICON3D_ICD_LV2
945,Decoy: Enhancement,0,ICON3D_ICD_LV3
946,Decoy: Enhancement,0,ICON3D_ICD_LV4
947,Decoy: Enhancement,0,ICON3D_ICD_LV5
948,Decoy: Add effect,0,ICON3D_ICD_OPT
949,Barricade: Create,0,ICON3D_ICF_ADD1
950,Barricade: Create,0,ICON3D_ICF_ADD2
951,Barricade: Create,0,ICON3D_ICF_ADD3
952,Barricade: Create,0,ICON3D_ICF_ADD4
953,Barricade: Reinforced,0,ICON3D_ICF_LV2
954,Barricade: Reinforced,0,ICON3D_ICF_LV3
955,Barricade: Reinforced,0,ICON3D_ICF_LV4
956,Barricade: Reinforced,0,ICON3D_ICF_LV5
957,Barricade: Effect added,0,ICON3D_ICF_OPT
958,Trebuchet: Create,0,ICON3D_ICC_ADD1
959,Trebuchet: Enhanced,0,ICON3D_ICC_LV2
960,Trebuchet: Enhanced,0,ICON3D_ICC_LV3
961,Trebuchet: Enhanced,0,ICON3D_ICC_LV4
962,Trebuchet: Enhanced,0,ICON3D_ICC_LV5
963,Trebuchet: Effect added,0,ICON3D_ICC_OPT
964,Stan gong: creation,0,ICON3D_ICG_ADD1
965,Stun Gong: Enhanced,0,ICON3D_ICG_LV2
966,Stun Gong: Enhanced,0,ICON3D_ICG_LV3
967,Stun gong: Effect added,0,ICON3D_ICG_OPT
968,----,0,ICON3D_968
969,----,0,ICON3D_969
970,----,0,ICON3D_970
971,----,0,ICON3D_971
972,Dana 6 weapons,0,ICON3D_972
973,Dana 13 weapons,0,ICON3D_973
974,Dana 20 weapons,0,ICON3D_974
975,Dana 26 weapons,0,ICON3D_975
976,Dana 35 weapons,0,ICON3D_976
977,----,0,ICON3D_977
978,ricotta 6 weapons,0,ICON3D_978
979,ricotta 13 weapons,0,ICON3D_979
980,ricotta 20 weapons,0,ICON3D_980
981,ricotta 26 weapons,0,ICON3D_981
982,----,0,ICON3D_982
983,Hummel 6 weapons,0,ICON3D_983
984,hummel 13 weapons,0,ICON3D_984
985,----,0,ICON3D_985
986,Dark Ibaya,0,ICON3D_986
987,Blood loss buyer,0,ICON3D_987
988,----,0,ICON3D_988
989,Frozen papaya,0,ICON3D_989
990,Burning is dangerous,0,ICON3D_990
991,Paralysis Yaiba,0,ICON3D_991
992,Poisonous Blade,0,ICON3D_992
993,100% darkness,0,ICON3D_993
994,100% blood loss,0,ICON3D_994
995,----,0,ICON3D_995
996,100% frozen,0,ICON3D_996
997,100% combustion,0,ICON3D_997
998,100% paralysis,0,ICON3D_998
999,100% poison,0,ICON3D_999